# ta1 =         1.0000000000 mua =        -0.8001000000 m1 =         1.1001000000 eo1 =         5.0000000000 m2 =         0.7001000000 eo2 =        -0.5000000000 ta2 =         0.5000000000 ta3 =         0.4000000000
# ts =         1.0000000000 mus =        -1.0000000000 ds =         0.0001000000
# tn =         1.0000000000 mun =        -1.0000000000 ev/ds =         0.0000000001
# tna_pz =         0.7000000000 tna_ab =         0.7000000000 tna_px =         0.7000000000 tna_py =         0.7000000000 tna_dxy =         0.7000000000
# rtna_pz =         0.5000000000 rtna_ab =         0.5000000000 rtna_px =         0.5000000000 rtna_py =         0.5000000000 rtna_dxy =         0.5000000000
# tas_pz =         0.7000000000 tas_ab =         0.7000000000 tas_px =         0.7000000000 tas_py =         0.7000000000 tas_dxy =         0.7000000000
# rtas_pz =         0.5000000000 rtas_ab =         0.5000000000 rtas_px =         0.5000000000 rtas_py =         0.5000000000 rtas_dxy =         0.5000000000
# wid =   600 len =    50 wn =     5 wb1 =   197 wb2 =    95 min_wb3 =     0 max_wb3 =    250 wbs =     0 numr =  1000
# wb3, nc1, nc2, nc3, G11_ave, G11_var, G21_ave, G21_var, G31_ave, G31_var, G12_ave, G12_var, G22_ave, G22_var, G32_ave, G32_var, G13_ave, G13_var, G23_ave, G23_var, G33_ave, G33_var
        0.0000000000    4    4    4        1.3985945994        0.3307525202        0.6119504226        0.1823631699        0.5697898627        0.1876637403        0.5336987787        0.1629532897        3.1290942261        0.3672549408       -2.4323251347        0.3163285794        0.5793004715        0.1523489386       -2.4299823609        0.3176197002        3.1759329094        0.3594443412
        1.0000000000    4    4    4        1.6243149776        0.3060298345        0.6398011252        0.1774371979        0.7112318376        0.1918565692        0.6835999018        0.1644150552        2.9734230536        0.4299589464       -1.9197202752        0.3670821266        0.8078948905        0.1770963589       -1.9164196118        0.3660996368        3.1099996069        0.4333416677
        2.0000000000    4    4    4        1.7245158881        0.3146939848        0.6812744970        0.1762455415        0.7545149020        0.1896691602        0.7045303730        0.1812901921        3.0274893775        0.4034406485       -1.9784203721        0.3454291780        0.7609978578        0.1738696063       -1.9786810144        0.3465908038        3.0805222569        0.3913428315
        3.0000000000    4    4    4        1.5683406841        0.3114390265        0.6082776995        0.1777291215        0.7007857841        0.1884177817        0.6229616743        0.1726640322        2.5825680329        0.4370059744       -1.6512116354        0.3611790491        0.7776814303        0.1821303235       -1.6511869636        0.3631271858        2.7430578001        0.4213120855
        4.0000000000    4    4    4        1.4640303382        0.3198047508        0.5159868284        0.1776695809        0.6203107644        0.1859839102        0.5112427723        0.1676354043        2.5215768067        0.4094014439       -1.5506708713        0.3497139016        0.7279141919        0.1811901615       -1.5617982432        0.3459286125        2.6917127458        0.3779642668
        5.0000000000    4    4    4        1.4118697936        0.3085868032        0.5087070945        0.1701290245        0.5891757495        0.1894414621        0.5166817555        0.1849169378        2.2283374357        0.4027935048       -1.2568818492        0.3234872257        0.6518719481        0.1756293184       -1.2782370182        0.3139183753        2.3126404785        0.4000823119
        6.0000000000    4    4    4        1.3736924569        0.3046290556        0.5212029620        0.1782425938        0.5697635062        0.1983880078        0.4930137128        0.1785328980        1.8323664565        0.4042155840       -0.9803843241        0.3185582524        0.6576410581        0.1808260821       -0.9888590468        0.3185322597        2.0157122771        0.4122318744
        7.0000000000    4    4    4        1.4257919734        0.2892452711        0.5833016666        0.1885521091        0.5781907310        0.1818786093        0.5627406624        0.1825159575        1.9824872034        0.4000886691       -1.0121740183        0.3124858931        0.6676771008        0.1764060645       -1.0176003144        0.3076042100        2.0590437335        0.4223987595
        8.0000000000    4    4    4        1.4819758856        0.2847037800        0.6018333358        0.1868199455        0.5958209231        0.1837156442        0.5886749510        0.1960003970        1.9087515930        0.4314277527       -0.9077573860        0.3094731930        0.6790425675        0.1675092305       -0.9190939650        0.3054842055        1.9240610357        0.4085666990
        9.0000000000    4    4    4        1.4532040281        0.3040270615        0.5958303380        0.1870458084        0.5894537780        0.1815628375        0.6132758795        0.1871694941        2.0056102301        0.4014892221       -1.0603878601        0.3164180925        0.7239236402        0.1785129115       -1.0653968741        0.3160542730        2.1016434043        0.3969840025
       10.0000000000    4    4    4        1.4533384845        0.3229153122        0.6022008147        0.1883541565        0.5921309591        0.1870261820        0.6087919225        0.1874314334        1.9358593943        0.3954800596       -1.0107546759        0.3242304251        0.7049288495        0.1840078312       -1.0184845282        0.3180278637        2.0066647311        0.3994631008
       11.0000000000    4    4    4        1.3912192207        0.3186360082        0.5803335698        0.1864633649        0.5530033637        0.1917126866        0.5461469997        0.1905672777        1.7384699478        0.4130378342       -0.8716050675        0.2933515680        0.6841521414        0.1789128841       -0.8860476828        0.2856835399        1.8157245584        0.3868778054
       12.0000000000    4    4    4        1.3627020664        0.3137300400        0.5959109118        0.1860084123        0.5176297630        0.1860317663        0.5383056763        0.1900028769        1.6982572114        0.3760840554       -0.8664416692        0.2942631964        0.6700683846        0.1735496564       -0.8779860141        0.2912772109        1.7780528162        0.3969903382
       13.0000000000    4    4    4        1.3988397380        0.3179401549        0.6625500523        0.1978168878        0.4965983902        0.1841495186        0.5753893951        0.1916072309        1.5264919684        0.3934804004       -0.6708489302        0.2580280331        0.6388263499        0.1702062578       -0.6829557143        0.2531210871        1.5352649130        0.3620450368
       14.0000000000    4    4    4        1.3998622046        0.3279613535        0.6977874501        0.2005118276        0.4638057570        0.1807373849        0.5879043190        0.1859779863        1.5382385993        0.3813049376       -0.6861278227        0.2579407067        0.6550060961        0.1762759171       -0.6960396999        0.2570006420        1.5556854977        0.3691959479
       15.0000000000    4    4    4        1.3850836872        0.3293334830        0.7204596719        0.2101992229        0.4268844518        0.1776249819        0.6639955646        0.1993502229        1.5749799833        0.3704596037       -0.6476088524        0.2416345588        0.6436411840        0.1768927061       -0.6619824265        0.2364360865        1.4962455822        0.3496550444
       16.0000000000    4    4    4        1.3838140036        0.3173132036        0.7501711493        0.2035621697        0.3970683704        0.1755400446        0.6587697915        0.1996397335        1.5274944450        0.3682675977       -0.6284699910        0.2410556839        0.6017680806        0.1781465806       -0.6373532996        0.2408420842        1.4402933706        0.3548217801
       17.0000000000    4    4    4        1.3671971649        0.3304554564        0.7741511978        0.2062870739        0.3562588778        0.1747758117        0.6686918744        0.2074760799        1.5640391466        0.3749045042       -0.6402483962        0.2553667560        0.5533895694        0.1832806055       -0.6533074789        0.2488279310        1.4060486182        0.3675454970
       18.0000000000    4    4    4        1.3484231993        0.3354601228        0.7809662981        0.2099034615        0.3277847347        0.1823484505        0.7039163070        0.2138733874        1.5328436000        0.3773892798       -0.5447466782        0.2296905446        0.4990919981        0.1757108021       -0.5644829046        0.2256519978        1.2563744104        0.3471495395
       19.0000000000    4    4    4        1.3426828358        0.3315487548        0.8211881753        0.2168046701        0.2841303777        0.1719641017        0.6927265156        0.2098462639        1.4303743377        0.3783447284       -0.4593779200        0.2087841945        0.5079114857        0.1761866814       -0.4779712076        0.2059993188        1.1913627295        0.3460549020
       20.0000000000    4    4    4        1.3375723469        0.3208042684        0.8264332530        0.2157302023        0.2793772086        0.1740547881        0.7480815943        0.2218021008        1.4245396626        0.3684722048       -0.4050964473        0.2047815899        0.4505939789        0.1728660737       -0.4205985314        0.2007092819        1.0676074807        0.3276338231
       21.0000000000    4    4    4        1.3976161848        0.3310728370        0.8152253618        0.2185915801        0.3355862085        0.1957102374        0.7684466999        0.2241039534        1.3999345360        0.3762630593       -0.3324061034        0.1836539189        0.3783270386        0.1616744394       -0.3536854373        0.1765407429        0.9492636182        0.3220914096
       22.0000000000    4    4    4        1.4707662043        0.3241101790        0.7974318344        0.2121875687        0.4295767351        0.2014543135        0.7797363932        0.2250276060        1.4289264718        0.3818026006       -0.3603177773        0.2017229733        0.3430190267        0.1634858373       -0.3785909623        0.1935528806        0.9307299840        0.3345292065
       23.0000000000    4    4    4        1.5897893355        0.3194852277        0.7804945272        0.2075884494        0.5603276013        0.2046686017        0.7622138864        0.2181947134        1.4191218276        0.3773642352       -0.3643251812        0.1902468416        0.4676619501        0.1825576635       -0.3817256367        0.1881781531        1.0631843052        0.3376136664
       24.0000000000    4    4    4        1.6644925660        0.3050399653        0.7747014216        0.2160520680        0.6513901901        0.1882028656        0.6950007350        0.2173106002        1.3315245322        0.3752526863       -0.3409108914        0.1916197045        0.6857370702        0.1662453399       -0.3588007713        0.1856678427        1.2421753550        0.3106964425
       25.0000000000    4    4    4        1.6304967159        0.3151806336        0.7767470519        0.2126182150        0.6278318831        0.1777474290        0.6782268895        0.2126289652        1.2835757143        0.3639337845       -0.3368062703        0.1841632978        0.7908551439        0.1428168814       -0.3447775954        0.1844441724        1.3378264617        0.3093134662
       26.0000000000    4    4    4        1.5558810424        0.3093681534        0.7854417048        0.2163821894        0.5498962120        0.1608209335        0.6763837974        0.2082759845        1.2494791826        0.3764052264       -0.3026501710        0.1883905935        0.8170668325        0.1350586543       -0.3093329619        0.1868172245        1.3125272074        0.2846503539
       27.0000000000    4    4    4        1.5055721718        0.3164973749        0.8007051319        0.2229636656        0.4891118888        0.1527687952        0.6730955619        0.2142881343        1.2099500881        0.3726041777       -0.2641828612        0.1704821485        0.8124934624        0.1304406649       -0.2701744232        0.1657535827        1.2639844649        0.2817596720
       28.0000000000    4    4    4        1.4813999866        0.3170017510        0.8138208812        0.2214939550        0.4630753344        0.1528829775        0.7073891835        0.2165350369        1.1909847812        0.3581942388       -0.2264398984        0.1536411609        0.7880744289        0.1245261862       -0.2341843513        0.1484317361        1.1928807462        0.2699954315
       29.0000000000    4    4    4        1.4876815392        0.3180683621        0.8151383257        0.2222762919        0.4609383636        0.1549862144        0.7243474577        0.2176487690        1.1771871770        0.3630312458       -0.1990239081        0.1444794260        0.7780854075        0.1223552648       -0.2017027616        0.1401584659        1.1581269034        0.2654730754
       30.0000000000    4    4    4        1.5027708095        0.3090201670        0.8181935346        0.2248033035        0.4851094059        0.1573032656        0.7312178393        0.2207010106        1.1776252683        0.3585561736       -0.1980135685        0.1428145360        0.7897310399        0.1207799511       -0.2022471683        0.1380102069        1.1517818812        0.2310074136
       31.0000000000    4    4    4        1.5362054409        0.3229490005        0.8178357151        0.2245122078        0.5127160457        0.1684638184        0.7403183828        0.2219675484        1.1663172431        0.3554860173       -0.1757226640        0.1256480452        0.7986171383        0.1302093588       -0.1810669042        0.1218461998        1.1428585024        0.2366692417
       32.0000000000    4    4    4        1.5828667628        0.3272625156        0.8222960490        0.2229690278        0.5431513160        0.1782949701        0.7474394707        0.2216521930        1.1534748618        0.3546727718       -0.1566240041        0.1271040961        0.7816058594        0.1467068980       -0.1595691529        0.1210925666        1.1176485754        0.2476739280
       33.0000000000    4    4    4        1.6077862829        0.3246427546        0.8305966278        0.2266292878        0.5561787333        0.1837690028        0.7627155479        0.2238371507        1.1581187260        0.3638408247       -0.1380139614        0.1229613871        0.7202024383        0.1674283133       -0.1413297690        0.1161239838        1.0405052669        0.2613206978
       34.0000000000    4    4    4        1.6029328214        0.3297562208        0.8406876275        0.2293059722        0.5392842819        0.1953208038        0.7884306499        0.2303681200        1.1500175759        0.3556719791       -0.1051076150        0.0996437761        0.6050740068        0.1714896197       -0.1100209116        0.0919990112        0.8771558602        0.2511186229
       35.0000000000    4    4    4        1.5722556000        0.3247377151        0.8508342701        0.2268939903        0.4907883348        0.1973036053        0.8051857168        0.2325838605        1.1471928599        0.3492430575       -0.0889297369        0.1005060846        0.4648110684        0.1680671281       -0.0940883624        0.0973544145        0.7396840420        0.2653655311
       36.0000000000    4    4    4        1.5138818325        0.3314211446        0.8598930646        0.2312309559        0.4142362542        0.1945834686        0.8230778178        0.2378751781        1.1554567591        0.3538016617       -0.0742607653        0.0978684438        0.3211665174        0.1414958762       -0.0765477316        0.0906181513        0.5951950126        0.2658729344
       37.0000000000    4    4    4        1.4278389043        0.3234554251        0.8675521590        0.2333685319        0.3153446020        0.1678853565        0.8383895887        0.2427268907        1.1609993568        0.3498487017       -0.0596185230        0.0949445519        0.1863862985        0.1032959554       -0.0643154780        0.0852528677        0.4432945222        0.2417377529
       38.0000000000    4    4    4        1.3437733191        0.3226055397        0.8754025571        0.2366754298        0.2179605829        0.1368951406        0.8464443186        0.2456631225        1.1579759942        0.3585078581       -0.0450782161        0.0832818714        0.1038985622        0.0798409293       -0.0455034263        0.0795805749        0.3474969835        0.2303410716
       39.0000000000    4    4    4        1.2807570790        0.3194211202        0.8867123479        0.2381817115        0.1418226665        0.1109297199        0.8508036080        0.2478368384        1.1461894707        0.3531876300       -0.0334247054        0.0766369770        0.0654410879        0.0718406187       -0.0298410056        0.0712254642        0.3050072150        0.2251194527
       40.0000000000    4    4    4        1.2277886394        0.3193408483        0.8918385708        0.2374730653        0.0871557049        0.0960780755        0.8520968354        0.2470430352        1.1432552511        0.3419361505       -0.0279666302        0.0884720707        0.0397256577        0.0708141182       -0.0296437196        0.0753256893        0.2818273965        0.2347510142
       41.0000000000    4    4    4        1.2009232761        0.3229088748        0.8890879037        0.2417324668        0.0522531396        0.0794670766        0.8524842934        0.2487432829        1.1583098933        0.3566649909       -0.0217824943        0.0951320856        0.0228866937        0.0729791931       -0.0175871517        0.0782472423        0.2800516805        0.2397181808
       42.0000000000    4    4    4        1.1804027680        0.3220771344        0.8939457582        0.2413362922        0.0353376598        0.0738983359        0.8576944181        0.2484749083        1.1449390212        0.3607321518       -0.0143727106        0.0850189200        0.0138127905        0.0661706612       -0.0048471232        0.0784233280        0.2520303876        0.2250648278
       43.0000000000    4    4    4        1.1664158949        0.3195149323        0.8990565600        0.2383408752        0.0191329153        0.0719193422        0.8574037871        0.2477192025        1.1343611771        0.3473490373       -0.0074823926        0.0775885153        0.0046295376        0.0647185274        0.0044127083        0.0792656703        0.2418330969        0.2221821104
       44.0000000000    4    4    4        1.1718750397        0.3291307298        0.9004489030        0.2377940476        0.0155964665        0.0796434529        0.8560394677        0.2482196806        1.1372990460        0.3417986026       -0.0084369589        0.0865610372        0.0014282337        0.0725785633        0.0098694436        0.0792925177        0.2559491684        0.2294542503
       45.0000000000    4    4    4        1.1670666395        0.3230244277        0.8975618684        0.2394715098        0.0176402139        0.0857522977        0.8576788495        0.2488685257        1.1500605621        0.3556562353        0.0002626676        0.0916783101        0.0030395144        0.0696165848        0.0102692439        0.0849467819        0.2597029134        0.2431541195
       46.0000000000    4    4    4        1.1568471301        0.3180745640        0.8981585173        0.2381503279        0.0162810657        0.0756555301        0.8608012895        0.2468662459        1.1406876354        0.3541231594        0.0087500004        0.0912317878        0.0020995484        0.0615028982        0.0218753370        0.0808244778        0.2411651160        0.2105949036
       47.0000000000    4    4    4        1.1509947232        0.3214143860        0.8995363854        0.2381120518        0.0127434590        0.0608822406        0.8613128385        0.2478162685        1.1341191647        0.3440152703        0.0103463105        0.0834906728        0.0050217677        0.0651098980        0.0414132215        0.0792467245        0.2474734355        0.2124807512
       48.0000000000    4    4    4        1.1603650688        0.3231663036        0.9043268182        0.2384363364        0.0093174111        0.0768675345        0.8590499897        0.2464316350        1.1433911129        0.3476128112        0.0176621372        0.0937236925        0.0043357509        0.0725833066        0.0310015464        0.0864620451        0.2445756277        0.2259195687
       49.0000000000    4    4    4        1.1636704432        0.3255828525        0.9046061547        0.2400615555        0.0062314717        0.0758047357        0.8602648512        0.2474671941        1.1494034153        0.3474698294        0.0314693027        0.1009933779       -0.0016534125        0.0713067934        0.0526363720        0.0865018586        0.2681368408        0.2406506133
       50.0000000000    4    4    4        1.1517693095        0.3159911597        0.9030943878        0.2406939241        0.0156780520        0.0651998136        0.8614658255        0.2484978503        1.1454590365        0.3447150343        0.0427737155        0.0983228891        0.0033570018        0.0593070878        0.0572210310        0.0894134167        0.2376286953        0.2038336163
       51.0000000000    4    4    4        1.1504413028        0.3190406767        0.9041410143        0.2402149678        0.0117479083        0.0674572500        0.8616405533        0.2510907073        1.1638558687        0.3505712348        0.0574728878        0.1050351552        0.0019745528        0.0596538463        0.0507239982        0.0878227121        0.2374279111        0.2109376846
       52.0000000000    4    4    4        1.1628755194        0.3286644058        0.9040453648        0.2418833305        0.0060762370        0.0744695130        0.8590199576        0.2490794535        1.1730680821        0.3589086525        0.0615021176        0.1157530654       -0.0001184118        0.0687524431        0.0896203400        0.0967726984        0.3000223512        0.2499301611
       53.0000000000    4    4    4        1.1650613932        0.3252681637        0.9056570336        0.2412570002        0.0030507376        0.0723465476        0.8587897107        0.2461077423        1.1672126579        0.3401336746        0.0697575445        0.1016202117       -0.0026371798        0.0705331253        0.0792037752        0.1041891345        0.2908611213        0.2603077221
       54.0000000000    4    4    4        1.1563181815        0.3203541423        0.9005898393        0.2406285893        0.0102769611        0.0739754145        0.8599391656        0.2487843131        1.2032773959        0.3575949397        0.0984894607        0.1411440491        0.0005574938        0.0635201146        0.1018967385        0.0963813456        0.3023153218        0.2265012776
       55.0000000000    4    4    4        1.1587940918        0.3237552252        0.9038873773        0.2399523790        0.0047180936        0.0688932710        0.8606155110        0.2476600558        1.2166123293        0.3583391578        0.1016449549        0.1405829098        0.0000497213        0.0657935654        0.1406995966        0.1234681286        0.3683564702        0.2763677134
       56.0000000000    4    4    4        1.1622414783        0.3242939211        0.9058771357        0.2392033422       -0.0034241400        0.0718478930        0.8576814041        0.2464694378        1.2002024661        0.3439865063        0.0957310079        0.1169819114       -0.0005488441        0.0838383114        0.1293744070        0.1290083188        0.3647291099        0.2861427919
       57.0000000000    4    4    4        1.1663260964        0.3324400408        0.8964111144        0.2369804227        0.0027927068        0.0744136778        0.8585714390        0.2475878090        1.2551021671        0.3600558910        0.1364671780        0.1573382275       -0.0007098091        0.0774898433        0.1926523098        0.1287466997        0.4263637991        0.2758656779
       58.0000000000    4    4    4        1.1649489623        0.3271570580        0.9027276260        0.2384886481        0.0007646770        0.0723789733        0.8598502791        0.2474321679        1.2757276178        0.3754672012        0.1444465896        0.1667495492        0.0000912202        0.0749407558        0.2138840716        0.1721067025        0.4558921452        0.3025670976
       59.0000000000    4    4    4        1.1547506740        0.3189370206        0.9063465347        0.2352194284       -0.0038245002        0.0652781239        0.8611545829        0.2463508739        1.2674742791        0.3620796690        0.1629739605        0.1503390089       -0.0021200135        0.0713617324        0.2133906475        0.1516983896        0.4288393866        0.2658734723
       60.0000000000    4    4    4        1.1598866278        0.3303170763        0.8992682139        0.2371081628        0.0017365621        0.0655392210        0.8614503971        0.2513232800        1.3148338935        0.3749329952        0.1900934135        0.1756889355        0.0003115354        0.0748681594        0.2842093548        0.1729439993        0.5030126778        0.2882809777
       61.0000000000    4    4    4        1.1687983627        0.3356846737        0.9056071671        0.2406379132       -0.0089104726        0.0754704313        0.8585619521        0.2501229876        1.3495623542        0.3714037403        0.2060210437        0.1746611650       -0.0009823381        0.0860281486        0.2617337733        0.1879449169        0.5248456840        0.3199277832
       62.0000000000    4    4    4        1.1642118104        0.3316945784        0.9017605912        0.2361778410        0.0008796617        0.0739881326        0.8632219977        0.2487787302        1.4211983138        0.3843035177        0.2980042509        0.1978838851       -0.0017528223        0.0787029166        0.3659737054        0.1836256312        0.5923315772        0.2953037901
       63.0000000000    4    4    4        1.1598915672        0.3251414370        0.8933187551        0.2414923268        0.0108990143        0.0657749351        0.8631750448        0.2535614263        1.4694303356        0.4028032108        0.3265733567        0.2393681012        0.0038600843        0.0708744349        0.4736935014        0.2286740209        0.6933922720        0.3121932812
       64.0000000000    4    4    4        1.1604445462        0.3254984948        0.9102007023        0.2383195139       -0.0053902459        0.0687176600        0.8620916058        0.2520538552        1.4003737471        0.3653966515        0.2902464432        0.1910869906        0.0036295574        0.0804936572        0.4089899438        0.2138676762        0.6364203093        0.3071361375
       65.0000000000    4    4    4        1.1613203040        0.3311954867        0.9004367986        0.2381455081        0.0076025367        0.0738081684        0.8623979079        0.2533984033        1.5155079721        0.3849237370        0.4054857026        0.2313290508        0.0017328240        0.0734641871        0.5429872273        0.2067340703        0.7561001873        0.3007684755
       66.0000000000    4    4    4        1.1750094816        0.3272746131        0.9032343702        0.2420569906       -0.0029619692        0.0745118559        0.8584206289        0.2525559951        1.5513883334        0.3804289514        0.3860458706        0.2205981328       -0.0004991561        0.0798752858        0.5730193694        0.2448150084        0.8358346961        0.3288807087
       67.0000000000    4    4    4        1.1583340765        0.3285997677        0.9159838785        0.2378609445       -0.0052508925        0.0656885378        0.8611712454        0.2501537097        1.5246017256        0.3402147992        0.4609045219        0.2005122430        0.0012368500        0.0755577307        0.6387126756        0.2018637220        0.8220673537        0.2684283609
       68.0000000000    4    4    4        1.1601683496        0.3283679990        0.9039214934        0.2371962509        0.0016265590        0.0728118181        0.8611287287        0.2489408890        1.6115594597        0.3482131322        0.5408479445        0.2125836050        0.0008106948        0.0748665090        0.7150692297        0.1933150864        0.9172454691        0.2849488002
       69.0000000000    4    4    4        1.1809417775        0.3213860790        0.9056539362        0.2365022655       -0.0045825698        0.0773259764        0.8571813816        0.2480633366        1.5903637384        0.3645192460        0.4341778949        0.2342461184       -0.0033856080        0.0850184394        0.6316259704        0.2332473658        0.9362914254        0.3333023136
       70.0000000000    4    4    4        1.1625800296        0.3335175762        0.9089926449        0.2353418546       -0.0037464683        0.0688357756        0.8601513298        0.2519561169        1.5856847374        0.3499257227        0.5160314575        0.2164850377       -0.0030125926        0.0748330973        0.7624379105        0.1851290448        0.9548143377        0.2704831575
       71.0000000000    4    4    4        1.1653156343        0.3317956563        0.9021779007        0.2365124284        0.0026305797        0.0750720490        0.8591076036        0.2520006644        1.7435794809        0.3500234129        0.6510601866        0.2303573692       -0.0031427722        0.0727728978        0.7938875478        0.1674999886        1.0053269706        0.2678336822
       72.0000000000    4    4    4        1.1773731587        0.3185511499        0.8972684030        0.2377017122       -0.0032546740        0.0891833599        0.8566282205        0.2529369635        1.7485269126        0.3642709721        0.5800818819        0.2462865592       -0.0084515291        0.0874947293        0.5901834040        0.2404895102        0.9088038609        0.3305229544
       73.0000000000    4    4    4        1.1575024154        0.3283733916        0.9095282666        0.2347868907       -0.0018908218        0.0704081058        0.8615231480        0.2499010807        1.7495404203        0.3501510081        0.6836675481        0.2146755666        0.0043241772        0.0867260947        0.7799320269        0.1588533952        0.9866783048        0.2757813228
       74.0000000000    4    4    4        1.1683497909        0.3270721603        0.9060706899        0.2382692007        0.0000521275        0.0787148480        0.8598154417        0.2494474442        1.8715661337        0.3410008948        0.7491644831        0.2354067767       -0.0070971403        0.0705803695        0.7915691646        0.1786716073        1.0423507588        0.2732850643
       75.0000000000    4    4    4        1.1712442945        0.3249954451        0.9059178790        0.2312497975       -0.0044813752        0.0838075843        0.8581758538        0.2476596557        1.8374137658        0.3516217095        0.6946843574        0.2429986512       -0.0069093463        0.0812489420        0.7410776464        0.2105775834        1.0318049959        0.2909379431
       76.0000000000    4    4    4        1.1564234639        0.3294271558        0.9117009409        0.2345455228       -0.0022067952        0.0646855993        0.8644312406        0.2515619046        1.7632159991        0.3398118758        0.7009565930        0.2100800780        0.0011002339        0.0747430914        0.7382478135        0.1812802366        0.9281767509        0.2768429195
       77.0000000000    4    4    4        1.1734079307        0.3160805338        0.9101777140        0.2361217333       -0.0071042770        0.0820100091        0.8592591708        0.2484106827        1.7588164888        0.3567419841        0.6016298716        0.2477694626       -0.0033711624        0.0882949249        0.7751370925        0.2255792539        1.1030294906        0.3218264607
       78.0000000000    4    4    4        1.1634972110        0.3247852464        0.9056083289        0.2359367287        0.0023899327        0.0725643575        0.8588128636        0.2475959473        1.8081497707        0.3405024355        0.6963815027        0.2253979155       -0.0029288406        0.0685616140        0.7891553444        0.1817263581        1.0207653134        0.2725133722
       79.0000000000    4    4    4        1.1581259674        0.3262323440        0.9111407344        0.2343792934        0.0003759963        0.0634726758        0.8619673524        0.2510944025        1.8302286916        0.3327469864        0.7574358680        0.1958552233       -0.0004090242        0.0660793098        0.7784426308        0.1666310600        0.9656909081        0.2576690581
       80.0000000000    4    4    4        1.1729111112        0.3160063312        0.9048292611        0.2349521889        0.0006652004        0.0921041281        0.8593348889        0.2471265994        1.9300000925        0.3751496742        0.7765805253        0.2782977719       -0.0044695873        0.0884919272        0.6700862410        0.2472819109        0.9807356543        0.3316920231
       81.0000000000    4    4    4        1.1616141656        0.3275915181        0.9072302458        0.2336329586        0.0002084470        0.0786535400        0.8607789537        0.2490862462        1.9002105009        0.3593308802        0.8299460816        0.2371002631        0.0007828108        0.0878975107        0.7278653478        0.1683528293        0.9465550845        0.2919504424
       82.0000000000    4    4    4        1.1736402210        0.3325667778        0.9110024112        0.2344608806       -0.0026594823        0.0808665355        0.8564265894        0.2476056926        1.9392914424        0.3545336013        0.8222863504        0.2448262715       -0.0026944309        0.0825832055        0.9170416365        0.2239011045        1.1818453507        0.3112601242
       83.0000000000    4    4    4        1.1640062560        0.3216948786        0.8939552037        0.2358850309        0.0074662074        0.0816302178        0.8547728942        0.2522116002        1.9590980149        0.3821922634        0.8072854029        0.2735022166       -0.0035997284        0.0712803298        0.9224927835        0.2140158352        1.1929256139        0.3232393988
       84.0000000000    4    4    4        1.1624032845        0.3306249102        0.9074933536        0.2341597099        0.0018912628        0.0726037630        0.8599049974        0.2494704798        1.7437487236        0.3486662402        0.6661885910        0.2208237830       -0.0026908472        0.0769054711        0.8316776596        0.2233787660        1.0539520579        0.3188269869
       85.0000000000    4    4    4        1.1809290238        0.3177343105        0.9074324063        0.2300834679       -0.0041470638        0.0928521217        0.8545362944        0.2455158000        1.7223740435        0.3874507025        0.5619493901        0.2681544139       -0.0084684031        0.0903358103        0.9457499124        0.2643031556        1.3036146741        0.3734573267
       86.0000000000    4    4    4        1.1709308444        0.3292764549        0.8976099383        0.2354377627        0.0041008070        0.0927817108        0.8574389854        0.2547254534        1.7502819642        0.3676020105        0.6295631398        0.2481596418       -0.0059221377        0.0802711739        0.7880375305        0.2028515125        1.0390564179        0.3202597850
       87.0000000000    4    4    4        1.1736452440        0.3224475253        0.9136585981        0.2378630421       -0.0123388047        0.0859842968        0.8555699774        0.2495296162        1.7383294145        0.3788652885        0.6009514362        0.2392116313       -0.0071028028        0.0880471653        0.7611020599        0.2260653843        1.0700140794        0.3139963611
       88.0000000000    4    4    4        1.1782586325        0.3215195073        0.9061400861        0.2358325765       -0.0034963289        0.0873124594        0.8550313181        0.2466109291        1.8345680426        0.3908894513        0.6786169744        0.2467945484       -0.0053083719        0.0841582979        0.7646683461        0.2107692655        1.0766766839        0.3299919562
       89.0000000000    4    4    4        1.1788536607        0.3335437987        0.9115497024        0.2371136435       -0.0006059432        0.0816257529        0.8554376682        0.2478505182        1.7741360553        0.3592320381        0.6637527963        0.2286176870       -0.0020224492        0.0808355510        0.7497979204        0.2238625001        1.0209298540        0.3200161217
       90.0000000000    4    4    4        1.1785500390        0.3250845231        0.9144482945        0.2356119025       -0.0113117829        0.0915363561        0.8532132820        0.2477771746        1.8127880799        0.3709465802        0.6630105298        0.2329387908       -0.0057308569        0.0863912339        0.7703265310        0.2438625710        1.1055919411        0.3611955711
       91.0000000000    4    4    4        1.1698276340        0.3298143860        0.9012081459        0.2372653338        0.0059205840        0.0828957856        0.8553896770        0.2497680642        1.7751102626        0.3834872717        0.6553182092        0.2286924894       -0.0015926820        0.0736026643        0.6994476250        0.2252051783        0.9510216365        0.3271769985
       92.0000000000    4    4    4        1.1721556288        0.3278439239        0.9095423239        0.2379511266        0.0014993559        0.0719349891        0.8567685074        0.2461216062        1.7940838851        0.3658854285        0.6839254111        0.2366172047       -0.0030322724        0.0707091759        0.5987747190        0.2162725328        0.8469741066        0.3087737686
       93.0000000000    4    4    4        1.1795960204        0.3304641421        0.9106333960        0.2383783304       -0.0067308106        0.0845904357        0.8555884795        0.2477353028        1.9003938456        0.3757241590        0.7629928808        0.2465690794       -0.0034558900        0.0875681487        0.5882607613        0.2280643021        0.9124548830        0.3706419070
       94.0000000000    4    4    4        1.1667306985        0.3247050205        0.9022756109        0.2376896852        0.0019767328        0.0757666237        0.8551974308        0.2496614403        1.9747946567        0.3856081941        0.8600568609        0.2449843103       -0.0003869338        0.0833511615        0.6686281529        0.2503771723        0.9454470742        0.3626862783
       95.0000000000    4    4    4        1.1643588502        0.3267705998        0.9064858732        0.2381559591        0.0037025396        0.0710596878        0.8524146004        0.2489216086        2.0205151685        0.3749663673        0.9083468594        0.2338332825        0.0035690446        0.0779082711        0.8487019347        0.2382427155        1.1006736273        0.3420266217
       96.0000000000    4    4    4        1.1699315823        0.3306764008        0.9062208824        0.2389622884        0.0030861589        0.0738031110        0.8550837401        0.2506820557        2.0657741691        0.3787646386        0.9302458834        0.2447073398        0.0012748602        0.0772147358        0.9061259217        0.2399944397        1.1749460511        0.3507053076
       97.0000000000    4    4    4        1.1603414574        0.3245685883        0.9048112179        0.2379889308        0.0061979657        0.0747611288        0.8579598599        0.2511580273        2.0056074418        0.3672558724        0.9055655292        0.2314258976        0.0018199156        0.0753354754        0.9122054682        0.2237257045        1.1515107320        0.3137541234
       98.0000000000    4    4    4        1.1722956588        0.3337236971        0.9079567529        0.2376874674        0.0004796656        0.0789984395        0.8539346981        0.2500501671        1.9936042368        0.3666964221        0.8842191332        0.2375577899       -0.0006410472        0.0859087934        0.9196829960        0.2199516097        1.1848672052        0.3293837666
       99.0000000000    4    4    4        1.1682335303        0.3320985389        0.8998722703        0.2382087611        0.0013807504        0.0773361885        0.8504921141        0.2524907292        1.9886800205        0.3755133947        0.8688157304        0.2311161321        0.0002626967        0.0857073777        0.8849263530        0.2226157472        1.1448689032        0.3350912904
      100.0000000000    4    4    4        1.1611747376        0.3220843135        0.9036764818        0.2354664353       -0.0022044544        0.0730520823        0.8556017078        0.2488448723        1.9822256649        0.3683582923        0.8643276578        0.2273377561       -0.0005192630        0.0867078364        0.8284556833        0.2206094135        1.0969061690        0.3362795405
      101.0000000000    4    4    4        1.1744809671        0.3227968882        0.9086940404        0.2378033479       -0.0116320068        0.0883219430        0.8543501958        0.2483093560        1.9909963918        0.3617406029        0.8784778389        0.2302742587       -0.0064062251        0.0954584212        0.8349892207        0.2260250251        1.1170936780        0.3384677298
      102.0000000000    4    4    4        1.1694042580        0.3248999797        0.9051243160        0.2400751099       -0.0010084299        0.0892179700        0.8548549770        0.2512321035        1.9950641374        0.3665759860        0.8924666348        0.2277658995       -0.0017864187        0.0904222387        0.8364014788        0.2290608757        1.0971521613        0.3367813269
      103.0000000000    4    4    4        1.1671016852        0.3349297432        0.9067314018        0.2362083888       -0.0044750873        0.0839816795        0.8545796910        0.2449210195        1.9914146990        0.3745792739        0.8903238972        0.2135947211       -0.0034936295        0.0836562316        0.8291021148        0.2069628943        1.0907459004        0.3190716594
      104.0000000000    4    4    4        1.1656165247        0.3235756382        0.9041234215        0.2355906617       -0.0053865074        0.0708616390        0.8529996484        0.2487049025        2.0085629144        0.3646069085        0.8914148347        0.2202951069        0.0003833748        0.0822968494        0.8159873787        0.2061810231        1.1038928671        0.3285475433
      105.0000000000    4    4    4        1.1821779714        0.3456493725        0.8995139941        0.2367518964       -0.0081257246        0.0885271034        0.8501572682        0.2502447622        2.0057762723        0.3651925917        0.8859029578        0.2290324995       -0.0037336192        0.0982846914        0.8409516527        0.2186654301        1.1291308947        0.3361301252
      106.0000000000    4    4    4        1.1756015579        0.3346779370        0.9080114215        0.2355293535       -0.0117864286        0.0885127530        0.8536212489        0.2461588743        1.9970893793        0.3756174838        0.8939678821        0.2374928942       -0.0095855981        0.0912137982        0.8216967171        0.1969339020        1.1080575798        0.3339080589
      107.0000000000    4    4    4        1.1657520651        0.3248705295        0.9043775602        0.2351326022       -0.0026559366        0.0791889030        0.8552426192        0.2480808917        1.9971622480        0.3629368441        0.8961597426        0.2319317476       -0.0025310045        0.0836014731        0.8504577201        0.2065489095        1.1265246207        0.3215418709
      108.0000000000    4    4    4        1.1699202118        0.3352109048        0.9028281081        0.2360579942       -0.0044814638        0.0780671403        0.8529112341        0.2507312106        1.9844605284        0.3735936017        0.8715893444        0.2385732967       -0.0026720689        0.0866725854        0.8152821689        0.2075512360        1.0894585337        0.3265745357
      109.0000000000    4    4    4        1.1746128228        0.3301238476        0.9045442135        0.2368973078       -0.0080369269        0.0717771149        0.8501798300        0.2498044653        1.9862378221        0.3742791461        0.8565901624        0.2364463844       -0.0011041886        0.0838877252        0.8050026316        0.2092916718        1.0970651185        0.3175786455
      110.0000000000    4    4    4        1.1698517982        0.3333116011        0.9053811022        0.2348422046       -0.0102049177        0.0750461321        0.8556306776        0.2475993620        1.9825073416        0.3739251011        0.8653889076        0.2521736291       -0.0012812046        0.0963052596        0.8050547868        0.1993943034        1.1049068180        0.3460198516
      111.0000000000    4    4    4        1.1651266577        0.3363402104        0.9031815543        0.2356299702       -0.0064019813        0.0762744829        0.8562243667        0.2476215619        1.9474208000        0.3837237213        0.8388225564        0.2391303814       -0.0020137284        0.0866587265        0.8106920345        0.1962525982        1.0837227948        0.3248377209
      112.0000000000    4    4    4        1.1621669411        0.3281429870        0.9031699681        0.2393893819       -0.0016421836        0.0710135404        0.8550661694        0.2504662133        1.9267746105        0.3915498055        0.8101868280        0.2569941217       -0.0026639547        0.0775252229        0.8073190488        0.1979473377        1.0736300983        0.3250288607
      113.0000000000    4    4    4        1.1710907244        0.3293619989        0.9048487520        0.2459307256       -0.0008217462        0.0768627291        0.8530282218        0.2506531680        1.9114078661        0.3874966327        0.7798781038        0.2563052224       -0.0036067502        0.0793907827        0.8051827655        0.2035515471        1.0814104151        0.3173586774
      114.0000000000    4    4    4        1.1735963990        0.3361843754        0.9084966490        0.2430141221       -0.0110483258        0.0827576005        0.8532157181        0.2482369685        1.8135913486        0.3941799619        0.6892407747        0.2524702072       -0.0040030232        0.0906125737        0.7744501209        0.2127368675        1.0580239986        0.3275448639
      115.0000000000    4    4    4        1.1621569642        0.3254733476        0.9055750518        0.2346587028       -0.0129858758        0.0741966208        0.8570066997        0.2479610607        1.7423739897        0.3874643457        0.6223625526        0.2466022292       -0.0025134429        0.0909178277        0.7456267157        0.2097353599        1.0301507811        0.3352589585
      116.0000000000    4    4    4        1.1604118119        0.3300284424        0.9035153462        0.2373655504       -0.0123858346        0.0802127982        0.8561723137        0.2493838459        1.7060469023        0.3886241683        0.5800720183        0.2443975625       -0.0060885003        0.0921401362        0.7045499355        0.2088330093        0.9969675534        0.3488697217
      117.0000000000    4    4    4        1.1656884043        0.3287419492        0.9077640644        0.2405388188       -0.0136316357        0.0757482419        0.8534078000        0.2504061331        1.6737716145        0.4089234963        0.5346125970        0.2535082319       -0.0066405655        0.0839277226        0.6449565577        0.2144010091        0.9327987255        0.3244020488
      118.0000000000    4    4    4        1.1691410266        0.3261652812        0.9042610556        0.2395199217       -0.0108297370        0.0760573573        0.8542088100        0.2496232383        1.5728168106        0.3923211510        0.4411689967        0.2446242343       -0.0058914496        0.0848131999        0.6463292995        0.2139781866        0.9216538178        0.3256808094
      119.0000000000    4    4    4        1.1631184806        0.3308853336        0.9039921832        0.2422960409       -0.0116564311        0.0783003168        0.8581765728        0.2511226220        1.4829870261        0.3942011626        0.3519909107        0.2218995721       -0.0029193926        0.0893680640        0.6048997416        0.2072282028        0.8762700180        0.3260616651
      120.0000000000    4    4    4        1.1536693954        0.3194608883        0.9051015004        0.2394285344       -0.0086408752        0.0675819556        0.8582308004        0.2507944039        1.4683387174        0.3961463595        0.3327596088        0.2362231338        0.0002119252        0.0853705614        0.5008397440        0.1999634354        0.7878270609        0.3359302131
      121.0000000000    4    4    4        1.1702719248        0.3295861092        0.9039711092        0.2427764164       -0.0121987574        0.0741660476        0.8524387592        0.2521562886        1.5761627487        0.4081821372        0.4308585743        0.2532580803       -0.0051698891        0.0879317267        0.3843992749        0.1898687813        0.6808745151        0.3200693715
      122.0000000000    4    4    4        1.1656271990        0.3185951885        0.9063626006        0.2385542004       -0.0110835746        0.0744712394        0.8559002171        0.2514243577        1.7304324389        0.4043395200        0.5843840671        0.2567907553       -0.0043704089        0.0814735165        0.3792680231        0.2035608176        0.6898674700        0.3479619870
      123.0000000000    4    4    4        1.1635327946        0.3234706203        0.9024029487        0.2416817257       -0.0056810316        0.0623495396        0.8568666497        0.2528248754        1.8582332207        0.3832913139        0.7245646072        0.2486104270        0.0000753974        0.0801638655        0.5909698276        0.2269533125        0.8581502419        0.3368356484
      124.0000000000    4    4    4        1.1569034646        0.3227808985        0.9035758084        0.2377959832       -0.0064894221        0.0608344495        0.8590667935        0.2499327062        1.9006640257        0.3587540190        0.7744053296        0.2206925272       -0.0010159331        0.0783428473        0.7915497169        0.1916141292        1.0641813502        0.3117336701
      125.0000000000    4    4    4        1.1580083987        0.3147456648        0.9066698185        0.2378339074       -0.0088181945        0.0669387681        0.8573034940        0.2495016499        1.8391008158        0.3551373631        0.7210068978        0.2080812021       -0.0003595552        0.0836304547        0.9021437279        0.1589451019        1.1721087737        0.2889125018
      126.0000000000    4    4    4        1.1667453211        0.3307855528        0.9038450103        0.2366764720       -0.0141675423        0.0761997755        0.8566313854        0.2484893934        1.7221335421        0.3518837455        0.6082861667        0.1960384319       -0.0051782267        0.0863479920        0.9151837497        0.1525150676        1.1885500644        0.2989724006
      127.0000000000    4    4    4        1.1698512561        0.3354925721        0.9064234921        0.2382506068       -0.0099268206        0.0785139582        0.8579626221        0.2497395017        1.6198931522        0.3528832019        0.5156837334        0.1761429793       -0.0019062048        0.0874835822        0.8750704049        0.1420066751        1.1262690795        0.2872461747
      128.0000000000    4    4    4        1.1593694515        0.3276244114        0.9071542374        0.2356130113       -0.0080973800        0.0606640725        0.8578417992        0.2493877243        1.5618999954        0.3567314095        0.4708731013        0.1710760862       -0.0004999467        0.0741205507        0.8404210572        0.1334734634        1.0732788606        0.2655278074
      129.0000000000    4    4    4        1.1584709992        0.3247050302        0.9062124412        0.2360538479       -0.0120951417        0.0721766676        0.8578256847        0.2503904528        1.5728068767        0.3506539522        0.4706653462        0.1659361064       -0.0012354128        0.0846973006        0.8264866542        0.1290553619        1.0800129365        0.2907455280
      130.0000000000    4    4    4        1.1669665487        0.3330043365        0.9053357603        0.2398537392       -0.0158655816        0.0789299366        0.8571186826        0.2513181004        1.6125472385        0.3537394910        0.5004691968        0.1720659732       -0.0057802873        0.0842001651        0.8474075687        0.1333901349        1.1120940793        0.3011398741
      131.0000000000    4    4    4        1.1623635163        0.3304080107        0.9055627967        0.2356967776       -0.0135604525        0.0747739878        0.8572485715        0.2476823403        1.6411128252        0.3491242723        0.5393602474        0.1778401745       -0.0051906477        0.0819189934        0.8688989943        0.1357803458        1.1341288491        0.3020741017
      132.0000000000    4    4    4        1.1588930960        0.3303945972        0.9096838190        0.2335631562       -0.0080781019        0.0627017441        0.8579678824        0.2489061548        1.6690608753        0.3484666480        0.5780881656        0.1876541462       -0.0033341228        0.0735985866        0.8610599745        0.1523149043        1.1022649950        0.2911958091
      133.0000000000    4    4    4        1.1653789412        0.3302094337        0.9077302818        0.2367987065       -0.0096828307        0.0734420458        0.8615625162        0.2461068976        1.7019935778        0.3573006259        0.5936394274        0.1981396353       -0.0051738509        0.0821541290        0.7916283946        0.1810890085        1.0514106962        0.3090176107
      134.0000000000    4    4    4        1.1570326285        0.3250796846        0.9062486977        0.2389014442       -0.0126959386        0.0719632806        0.8609624661        0.2495103845        1.6864965683        0.3568952576        0.5710212636        0.2083189387       -0.0029498002        0.0812871361        0.6636706252        0.1996109081        0.9261318821        0.3156893665
      135.0000000000    4    4    4        1.1567030531        0.3271662928        0.9073447488        0.2368605810       -0.0091216635        0.0722318494        0.8616389278        0.2468962231        1.6320099522        0.3534816951        0.5211535392        0.2171771699       -0.0012791036        0.0782174014        0.5173032091        0.1916899182        0.7809293669        0.3147331958
      136.0000000000    4    4    4        1.1549419421        0.3251880141        0.9090307375        0.2340127691       -0.0053818094        0.0690802977        0.8624821933        0.2505568996        1.5480841956        0.3611570303        0.4348706178        0.2109294927        0.0004485769        0.0835799714        0.3485855387        0.1701692316        0.6228812895        0.3111085024
      137.0000000000    4    4    4        1.1529966498        0.3230507022        0.9049087537        0.2380372411       -0.0068762668        0.0676377422        0.8616165200        0.2499519851        1.4394516343        0.3606533258        0.3290319073        0.1749869253        0.0008018505        0.0804973777        0.1948883392        0.1246245749        0.4577619710        0.2950344581
      138.0000000000    4    4    4        1.1553817602        0.3265746747        0.9049601002        0.2412751696       -0.0060320564        0.0639952188        0.8613316479        0.2508398957        1.3445826751        0.3460548689        0.2256408306        0.1486741399        0.0009282907        0.0764659870        0.1065537632        0.0939709638        0.3600526839        0.2751332278
      139.0000000000    4    4    4        1.1553771028        0.3287939870        0.9054377600        0.2388898115       -0.0060500092        0.0675558717        0.8618680122        0.2513391345        1.2612014690        0.3384499010        0.1430533212        0.1287613576       -0.0008163874        0.0733905028        0.0640441515        0.0975924005        0.3184463008        0.2702238368
      140.0000000000    4    4    4        1.1514105786        0.3219572297        0.9050616922        0.2364101488       -0.0075911150        0.0720578873        0.8650638448        0.2506618243        1.1939097166        0.3342950073        0.0792238011        0.1079542156       -0.0024657307        0.0795852246        0.0276443278        0.0886259688        0.2805076553        0.2639786974
      141.0000000000    4    4    4        1.1502603092        0.3211211773        0.9058219005        0.2360853003       -0.0039169901        0.0675627511        0.8653393706        0.2501670253        1.1621217913        0.3354941411        0.0371553129        0.1050831730        0.0022678859        0.0741365074        0.0092814202        0.0947071313        0.2720591767        0.2733956056
      142.0000000000    4    4    4        1.1512178847        0.3230136760        0.9028713077        0.2380350791       -0.0066343530        0.0660741292        0.8627978331        0.2540043129        1.1523270211        0.3499355247        0.0163134861        0.0989305641        0.0012521674        0.0776939141       -0.0010943045        0.0930096674        0.2654326779        0.2808897826
      143.0000000000    4    4    4        1.1542358510        0.3293459737        0.9006988279        0.2381484511       -0.0051873731        0.0755418683        0.8595618256        0.2512635541        1.1344339830        0.3500748125        0.0021517824        0.0857235701       -0.0021216552        0.0753272419       -0.0070190142        0.0857250335        0.2514609615        0.2647476574
      144.0000000000    4    4    4        1.1501606855        0.3208244441        0.9063918842        0.2327752720       -0.0013085787        0.0700724400        0.8633321878        0.2497718461        1.1199649644        0.3350643808       -0.0023517569        0.0915813725        0.0005867401        0.0740461006       -0.0105814930        0.0901672974        0.2461522524        0.2625168675
      145.0000000000    4    4    4        1.1535471445        0.3242640253        0.9028114218        0.2335545471       -0.0038231764        0.0718157701        0.8633059374        0.2499549393        1.1267213198        0.3466152836       -0.0070931747        0.1069225915        0.0007700569        0.0793926795       -0.0115993288        0.0965073354        0.2573315490        0.2780004325
      146.0000000000    4    4    4        1.1511904096        0.3204528377        0.9021561047        0.2354652832       -0.0100085044        0.0656232684        0.8619363582        0.2532901434        1.1302182261        0.3540593806       -0.0173841808        0.0993883144        0.0005449863        0.0815788011       -0.0172332452        0.0984776497        0.2725912653        0.2857608951
      147.0000000000    4    4    4        1.1588761279        0.3305019427        0.9024953933        0.2341891030       -0.0053807143        0.0764833441        0.8599975020        0.2510138504        1.1206828436        0.3423877791       -0.0204742236        0.0969425810       -0.0008444371        0.0755778851       -0.0175832134        0.1037009210        0.2752796366        0.2897435158
      148.0000000000    4    4    4        1.1517050256        0.3187469175        0.9046850554        0.2334007436       -0.0051609296        0.0696665982        0.8605635743        0.2514748061        1.1136400076        0.3353893737       -0.0170487025        0.0964003129        0.0002605569        0.0736443995       -0.0166206330        0.0966949178        0.2726008346        0.2811119673
      149.0000000000    4    4    4        1.1499867998        0.3173913973        0.9062483375        0.2320012723       -0.0025696927        0.0664018924        0.8651539316        0.2517882384        1.1133694060        0.3420362610       -0.0104210021        0.0926921678        0.0004879897        0.0709525928       -0.0127963213        0.0961483669        0.2605446124        0.2779230606
      150.0000000000    4    4    4        1.1512518633        0.3199495763        0.9046350455        0.2354665141       -0.0052750298        0.0750007810        0.8647454625        0.2530629337        1.1214458402        0.3460274396       -0.0105872617        0.0926288844        0.0022065938        0.0797964288       -0.0140367017        0.0944911111        0.2560537169        0.2636041337
      151.0000000000    4    4    4        1.1506590645        0.3168421477        0.9036348295        0.2322984704       -0.0117849578        0.0718690419        0.8648484293        0.2508573202        1.1177520477        0.3362072466       -0.0158063092        0.0932698517       -0.0014598268        0.0862125146       -0.0119815792        0.0990801690        0.2808669682        0.2909530518
      152.0000000000    4    4    4        1.1517810276        0.3159104660        0.9066656318        0.2299176660       -0.0059050166        0.0751707938        0.8622849535        0.2486086819        1.1102224223        0.3326234330       -0.0173537627        0.0966874636       -0.0013606528        0.0824924856       -0.0146383916        0.1036468104        0.2936520524        0.2911827648
      153.0000000000    4    4    4        1.1513521784        0.3169138563        0.9050020791        0.2322400675       -0.0027601149        0.0777937427        0.8615278029        0.2506182590        1.1056367342        0.3348109849       -0.0073361094        0.0897228669       -0.0025199183        0.0815006401       -0.0094884137        0.0910272581        0.2824109071        0.3026256687
      154.0000000000    4    4    4        1.1527559108        0.3211301144        0.9030533502        0.2344981670       -0.0102003109        0.0785653396        0.8623657168        0.2477957987        1.1136638878        0.3379040019       -0.0143543174        0.0955648538       -0.0017623722        0.0858400693       -0.0134164326        0.0956241028        0.2816611667        0.2993046801
      155.0000000000    4    4    4        1.1550563240        0.3196692795        0.9032209845        0.2361715455       -0.0037770259        0.0817006299        0.8607525838        0.2472769703        1.1169404556        0.3387903656       -0.0126717670        0.0955016339       -0.0003407313        0.0823695161       -0.0142345370        0.0941727158        0.2819456004        0.2929060757
      156.0000000000    4    4    4        1.1537496840        0.3200741934        0.9044822023        0.2326534633       -0.0088371821        0.0809542867        0.8607203096        0.2473239749        1.1173582574        0.3460879635       -0.0172769296        0.1058490130       -0.0045961965        0.0831065677       -0.0181085298        0.1041116404        0.2951978064        0.3114712071
      157.0000000000    4    4    4        1.1521276327        0.3215566624        0.9021767773        0.2343432700       -0.0069001798        0.0797692380        0.8596250435        0.2497095377        1.1100136582        0.3404596796       -0.0087621808        0.0984812594       -0.0020261509        0.0871090192       -0.0109705689        0.0898226941        0.2989583549        0.3122111633
      158.0000000000    4    4    4        1.1565992519        0.3220657167        0.9010444978        0.2328830057       -0.0014386305        0.0788351188        0.8579557431        0.2479847222        1.1202625431        0.3469373881       -0.0081500930        0.1012768189        0.0033896427        0.0854860607       -0.0158624465        0.0955751744        0.3162436447        0.3192232582
      159.0000000000    4    4    4        1.1587591842        0.3207589517        0.9033837701        0.2353478667       -0.0084991933        0.0669260757        0.8583415478        0.2479890876        1.1236445137        0.3431124497       -0.0099095735        0.0895095925        0.0019092761        0.0895088771       -0.0143212210        0.0812885072        0.3052908482        0.3037656985
      160.0000000000    4    4    4        1.1582658715        0.3124694608        0.9003746218        0.2296643777        0.0001378429        0.0927726345        0.8601981786        0.2466551316        1.1236554407        0.3471422024       -0.0068460713        0.0960278070       -0.0000316785        0.0940694153       -0.0129527130        0.0963923448        0.3201677434        0.3137164079
      161.0000000000    4    4    4        1.1568194106        0.3172868053        0.9007040145        0.2301037654        0.0068773001        0.0948842208        0.8581321750        0.2464096104        1.1252104705        0.3499800641       -0.0020055970        0.1123892048        0.0014637629        0.0907322321       -0.0184029765        0.1087353127        0.3201954785        0.3207759640
      162.0000000000    4    4    4        1.1518239222        0.3075722069        0.9017105121        0.2269104585        0.0049196266        0.0841386467        0.8571655434        0.2434055291        1.1195914410        0.3389237702       -0.0008816424        0.1084898146        0.0046466380        0.0825835115       -0.0156983307        0.0984139206        0.3346893688        0.3275344248
      163.0000000000    4    4    4        1.1627888311        0.3126393218        0.9010992419        0.2297934631        0.0041173334        0.0937138560        0.8571544137        0.2427379992        1.1375244011        0.3491793401       -0.0092976024        0.1173107359        0.0055035064        0.0963081387       -0.0233384578        0.1139406224        0.3919424516        0.3436728736
      164.0000000000    4    4    4        1.1598561799        0.3093129969        0.9004307088        0.2289275047        0.0015920146        0.0937802886        0.8552817813        0.2435941803        1.1372015113        0.3454777042       -0.0073568501        0.1240279108        0.0013677459        0.0940578835       -0.0201815125        0.1246661590        0.3926333919        0.3600895210
      165.0000000000    4    4    4        1.1545719698        0.3056065385        0.8996767889        0.2270616418        0.0061501687        0.0970792762        0.8566111482        0.2433230322        1.1273356246        0.3466710536       -0.0043098101        0.1252961946        0.0018991641        0.0896095278       -0.0186250376        0.1156063839        0.3673325552        0.3383195767
      166.0000000000    4    4    4        1.1626500992        0.3044188539        0.8999688922        0.2275082432        0.0057846006        0.0988085749        0.8531112318        0.2409750515        1.1373612341        0.3479724088        0.0009765550        0.1349001683        0.0019597494        0.1003975924       -0.0203664781        0.1217645815        0.3920621083        0.3503291329
      167.0000000000    4    4    4        1.1673145598        0.3083694885        0.9022076851        0.2296601332        0.0073999397        0.1056170738        0.8526739085        0.2401816845        1.1387360320        0.3379714933       -0.0006974155        0.1251129978        0.0012103460        0.1097707316       -0.0221850160        0.1134981957        0.4182365026        0.3584434067
      168.0000000000    4    4    4        1.1705948882        0.3092124483        0.9035851652        0.2285922439        0.0030879358        0.1075049225        0.8564236727        0.2423536694        1.1415826244        0.3431303907       -0.0061267010        0.1309146102       -0.0000130882        0.1051347030       -0.0209816560        0.1256142239        0.4392753383        0.3620069091
      169.0000000000    4    4    4        1.1670898154        0.2987882938        0.9028540973        0.2272271512        0.0057394941        0.1111459125        0.8544074115        0.2413109163        1.1404486906        0.3379945119       -0.0073374996        0.1401815596        0.0006389594        0.1043263615       -0.0248984803        0.1311925816        0.4437077664        0.3577937817
      170.0000000000    4    4    4        1.1698575823        0.3035325864        0.9024176330        0.2272971724        0.0024192427        0.1142108736        0.8546316051        0.2407510217        1.1355284524        0.3360896900       -0.0080797800        0.1397744678        0.0006427914        0.1181338025       -0.0188463304        0.1358621727        0.4726360159        0.3585347473
      171.0000000000    4    4    4        1.1793434001        0.3122580878        0.9034807589        0.2281950057        0.0085110477        0.1241079479        0.8567331038        0.2407883521        1.1380363483        0.3346523438       -0.0050351674        0.1318826544        0.0021577067        0.1173051453       -0.0173320899        0.1335381978        0.4757329389        0.3713788331
      172.0000000000    4    4    4        1.1756788254        0.3075816090        0.9037435842        0.2294613638       -0.0013033866        0.1152944829        0.8570421576        0.2411585438        1.1424472463        0.3404316392       -0.0155179540        0.1412861863        0.0014415978        0.1184761400       -0.0244268813        0.1375231520        0.4741537144        0.3502031253
      173.0000000000    4    4    4        1.1740614288        0.3137265447        0.9052471967        0.2273075249        0.0057445708        0.1171014923        0.8597441937        0.2413374817        1.1254935533        0.3297546804       -0.0047742543        0.1291516241       -0.0013351856        0.1160224733       -0.0145218561        0.1244014036        0.4393371479        0.3600955552
      174.0000000000    4    4    4        1.1638754812        0.3073628558        0.9036790403        0.2289211767        0.0147054573        0.1125101240        0.8569719610        0.2410432322        1.1178119590        0.3263077315        0.0150272235        0.1178790545        0.0027868522        0.1041812377       -0.0099984838        0.1007028432        0.3927069809        0.3465375968
      175.0000000000    4    4    4        1.1683906244        0.3065527230        0.9050053233        0.2268443901        0.0187304314        0.1076928591        0.8549726240        0.2383240762        1.1246748814        0.3294147854        0.0120449052        0.1336377896        0.0068747952        0.1110463851       -0.0167807923        0.1135504094        0.4209869115        0.3431068348
      176.0000000000    4    4    4        1.1793118413        0.3173572493        0.9056809431        0.2279203280        0.0214877036        0.1130580147        0.8552388354        0.2386188200        1.1277901954        0.3288412859        0.0099491039        0.1308483827        0.0068419649        0.1150878481       -0.0137580908        0.1143357797        0.4618951662        0.3939828362
      177.0000000000    4    4    4        1.1749943703        0.3113290323        0.9044253024        0.2283702620        0.0135753862        0.1178940473        0.8548073547        0.2397985678        1.1270314056        0.3314203945        0.0095014661        0.1306489393        0.0071582337        0.1188317089       -0.0127216667        0.1157925936        0.4490798486        0.3683192288
      178.0000000000    4    4    4        1.1739594554        0.3037920695        0.9029770881        0.2258491586        0.0030861544        0.1197120622        0.8535687128        0.2384368693        1.1317456778        0.3263759384       -0.0034959271        0.1365266657        0.0088718171        0.1323177979       -0.0186198620        0.1267062409        0.5172133306        0.3683389382
      179.0000000000    4    4    4        1.1796206427        0.3059801923        0.9014229627        0.2228117539        0.0049345789        0.1266829770        0.8556456161        0.2367073246        1.1412587665        0.3269947026       -0.0087881673        0.1441292671        0.0080261008        0.1296821026       -0.0199692334        0.1370037004        0.5713443830        0.3860890050
      180.0000000000    4    4    4        1.1749090996        0.2964707871        0.9043311306        0.2230179968        0.0091188185        0.1201523481        0.8555170896        0.2359566164        1.1375198233        0.3252828664       -0.0140892520        0.1439969788        0.0073914682        0.1265015542       -0.0236969098        0.1385155655        0.5458864553        0.3949072953
      181.0000000000    4    4    4        1.1771218266        0.3041215008        0.9023162772        0.2240363781        0.0051552448        0.1251906680        0.8548467782        0.2369784887        1.1398278672        0.3322781507       -0.0210889008        0.1461631103        0.0041808517        0.1324270932       -0.0229720592        0.1456428843        0.5776965606        0.4150031477
      182.0000000000    4    4    4        1.1807987816        0.3055233993        0.8994155590        0.2249238202        0.0011713677        0.1294504776        0.8538381613        0.2372019569        1.1568582738        0.3399400350       -0.0197125622        0.1535970410        0.0055739378        0.1314723424       -0.0290159702        0.1571246959        0.5914805048        0.3994016696
      183.0000000000    4    4    4        1.1715798956        0.2945271479        0.9006479699        0.2251223220       -0.0039570298        0.1111708298        0.8540032621        0.2369903474        1.1471777416        0.3380554009       -0.0220389644        0.1432120484        0.0086000184        0.1317805877       -0.0271743586        0.1485343991        0.5815141919        0.3835287431
      184.0000000000    4    4    4        1.1694908851        0.2979331634        0.9010507425        0.2241123087        0.0035055513        0.1210836967        0.8581612627        0.2365297807        1.1380773700        0.3278754133       -0.0234230705        0.1357514216        0.0022389775        0.1261802756       -0.0254967739        0.1437644231        0.5956422748        0.4226560847
      185.0000000000    4    4    4        1.1800742564        0.3081921485        0.9021423337        0.2252822172        0.0072783907        0.1312776864        0.8560312359        0.2370706072        1.1434138732        0.3274166276       -0.0245035052        0.1519711857        0.0075156160        0.1311765185       -0.0278263740        0.1547794989        0.5973513505        0.4074368666
      186.0000000000    4    4    4        1.1762831390        0.3058598747        0.9003961859        0.2252800016        0.0013648589        0.1273763382        0.8572747224        0.2366574242        1.1486424438        0.3316934948       -0.0251171696        0.1507309083        0.0050755618        0.1300320289       -0.0295871224        0.1482488335        0.5863042110        0.3986663522
      187.0000000000    4    4    4        1.1806418096        0.3127159130        0.9012157143        0.2271242660        0.0031677560        0.1236325063        0.8546041644        0.2370577871        1.1492948354        0.3335386375       -0.0209473283        0.1481349222        0.0103656321        0.1304508840       -0.0275208827        0.1484649576        0.5777450049        0.4032023926
      188.0000000000    4    4    4        1.1735276346        0.3025159164        0.8985117788        0.2246435802       -0.0016789919        0.1257885990        0.8559782443        0.2354481924        1.1440054622        0.3313270279       -0.0248925401        0.1439108783        0.0142015134        0.1421116986       -0.0237134085        0.1481735578        0.6205560161        0.4269233941
      189.0000000000    4    4    4        1.1664579625        0.2982052821        0.8984021274        0.2239754417       -0.0024783652        0.1193354574        0.8579694664        0.2396306522        1.1440331023        0.3361500447       -0.0316789921        0.1411759327        0.0117574273        0.1337091054       -0.0290789008        0.1474182373        0.5980281893        0.4038264959
      190.0000000000    4    4    4        1.1665918074        0.3026026473        0.8982830495        0.2232006389       -0.0108104691        0.1135655674        0.8563938795        0.2407193678        1.1444320103        0.3406889848       -0.0289397825        0.1353214127        0.0093346605        0.1377762971       -0.0288363795        0.1400537936        0.6137542336        0.4217758288
      191.0000000000    4    4    4        1.1712024338        0.3024864907        0.9007450850        0.2249149911       -0.0058532775        0.1164633409        0.8546918149        0.2381913084        1.1425682122        0.3338225443       -0.0136800644        0.1423943450        0.0085397439        0.1337087414       -0.0207576801        0.1444193054        0.5739248403        0.3941365868
      192.0000000000    4    4    4        1.1745586292        0.3043315593        0.9016063897        0.2246678721        0.0028303822        0.1224829254        0.8575644357        0.2368926458        1.1410512720        0.3283834263       -0.0219124353        0.1358417155        0.0136253082        0.1361972962       -0.0248026559        0.1385550857        0.5834630441        0.3946395253
      193.0000000000    4    4    4        1.1665404780        0.3023509077        0.8995991888        0.2217756465       -0.0082043895        0.1254531406        0.8591782705        0.2383267134        1.1393302983        0.3257801810       -0.0304235901        0.1455617016        0.0091589978        0.1370525448       -0.0258560473        0.1469560940        0.6098328552        0.3979507441
      194.0000000000    4    4    4        1.1719858850        0.2999837126        0.8996523604        0.2226315889       -0.0146210163        0.1297433542        0.8575911688        0.2382427248        1.1415137924        0.3221878832       -0.0201680404        0.1389038209        0.0087116367        0.1408063357       -0.0196582434        0.1352361124        0.6350915257        0.4178618521
      195.0000000000    4    4    4        1.1774903698        0.3010065596        0.8981414731        0.2234123952       -0.0124371470        0.1203153956        0.8528569917        0.2365344575        1.1480326773        0.3243500079       -0.0201406391        0.1390249521        0.0101952561        0.1386955775       -0.0185420916        0.1386622079        0.6999388116        0.4356025294
      196.0000000000    4    4    4        1.1811735826        0.2998051174        0.8979636847        0.2256709736       -0.0037864342        0.1213942348        0.8526790289        0.2380099750        1.1581880616        0.3343726233       -0.0266888202        0.1473407367        0.0148399184        0.1391379906       -0.0316483460        0.1461800405        0.7009163937        0.4552415371
      197.0000000000    4    4    4        1.1588255466        0.2846003770        0.8976828675        0.2236621485       -0.0178757224        0.1133503476        0.8585959663        0.2390795917        1.1536279521        0.3349202785       -0.0407185128        0.1427757658        0.0107076688        0.1367164890       -0.0359451734        0.1574295530        0.6828544641        0.4432545417
      198.0000000000    4    4    4        1.1680431392        0.2893347688        0.8989137795        0.2236660369       -0.0083812058        0.1208021473        0.8523006995        0.2365321286        1.1589782340        0.3364374746       -0.0357309638        0.1550017219        0.0125405313        0.1383107466       -0.0425302273        0.1589459929        0.6796393701        0.4288740510
      199.0000000000    4    4    4        1.1718149574        0.2910866240        0.8994233616        0.2227218757       -0.0126200005        0.1178700711        0.8527734594        0.2354182685        1.1556263689        0.3280779366       -0.0289402562        0.1481321615        0.0156884672        0.1491273092       -0.0310998823        0.1612631826        0.7181433271        0.4317986639
      200.0000000000    4    4    4        1.1749985510        0.2974503453        0.8990170667        0.2218912867       -0.0073175214        0.1254919199        0.8566837025        0.2363648280        1.1575152673        0.3412691371       -0.0334931658        0.1490800841        0.0125825922        0.1432115639       -0.0315002464        0.1593428950        0.7098609440        0.4354438407
      201.0000000000    4    4    4        1.1736205681        0.2977273721        0.8997505034        0.2212952336       -0.0087807592        0.1269757607        0.8559785386        0.2359496235        1.1502432576        0.3321384478       -0.0279745892        0.1488437329        0.0019770014        0.1364264876       -0.0285913812        0.1563573953        0.6999785275        0.4576766493
      202.0000000000    4    4    4        1.1792478595        0.2997280416        0.8998218239        0.2229536916       -0.0021791366        0.1275863274        0.8554649472        0.2373126096        1.1541085706        0.3329880656       -0.0267029727        0.1589130451        0.0060189547        0.1388620713       -0.0299030026        0.1605500883        0.6854774588        0.4338591273
      203.0000000000    4    4    4        1.1776203398        0.2938792377        0.9017694175        0.2235544892       -0.0080106337        0.1248446382        0.8584422086        0.2378214338        1.1574167019        0.3362113401       -0.0378246090        0.1596380616        0.0097973911        0.1414258889       -0.0350382937        0.1660798859        0.6727012403        0.4027721368
      204.0000000000    4    4    4        1.1768344547        0.2952421606        0.8993680569        0.2224283028       -0.0072251833        0.1241004231        0.8595063608        0.2393889251        1.1560010473        0.3349297469       -0.0404032310        0.1490333733        0.0103897957        0.1441815101       -0.0328607666        0.1604288178        0.7055016012        0.4363785035
      205.0000000000    4    4    4        1.1852456780        0.2955868032        0.9005575205        0.2220902426       -0.0046664921        0.1222013087        0.8585219706        0.2373828756        1.1706575953        0.3452139640       -0.0510997596        0.1587107768        0.0122058777        0.1503751793       -0.0413486752        0.1741456374        0.7780701523        0.4857925429
      206.0000000000    4    4    4        1.1788741244        0.2933699230        0.8997339962        0.2226580345       -0.0064478138        0.1208597881        0.8573646770        0.2378372902        1.1755872521        0.3488391572       -0.0558246423        0.1631387715        0.0072386580        0.1443262782       -0.0451847129        0.1786013961        0.7805123850        0.4430713340
      207.0000000000    4    4    4        1.1806103058        0.2993938757        0.9001468328        0.2240512045       -0.0023303381        0.1253725869        0.8557209759        0.2382053499        1.1608946655        0.3392980060       -0.0308853006        0.1476852952        0.0059247688        0.1343735265       -0.0339210862        0.1583198961        0.7143153426        0.4059077160
      208.0000000000    4    4    4        1.1897784387        0.3087392243        0.9047414601        0.2252222978        0.0089696053        0.1257519429        0.8535940767        0.2348567649        1.1605178814        0.3346305282       -0.0205284606        0.1520281520        0.0109527402        0.1346308320       -0.0321340926        0.1529509741        0.6743769472        0.4147726300
      209.0000000000    4    4    4        1.1875190351        0.3012190909        0.9055473677        0.2277807410        0.0030786607        0.1314606036        0.8575083891        0.2359346712        1.1643584908        0.3446073433       -0.0328454681        0.1540241375        0.0084679927        0.1416429651       -0.0382482828        0.1567786304        0.6816022278        0.4265105725
      210.0000000000    4    4    4        1.1755751627        0.2955187939        0.9056128983        0.2241108908       -0.0039622938        0.1274224480        0.8576273651        0.2376143337        1.1529560594        0.3374694407       -0.0346841860        0.1561292898        0.0151111576        0.1423172966       -0.0373059201        0.1604191330        0.7207439416        0.4354607542
      211.0000000000    4    4    4        1.1905168974        0.3081669828        0.9029811838        0.2250059102        0.0117900056        0.1390721450        0.8529266624        0.2356196426        1.1496959703        0.3220561649       -0.0146150659        0.1498461352        0.0107426410        0.1330380294       -0.0284032368        0.1457400928        0.7167782785        0.4317440586
      212.0000000000    4    4    4        1.1839865290        0.2979629083        0.9045901429        0.2226117118        0.0116750814        0.1264505435        0.8586489044        0.2347463797        1.1353813322        0.3242615106       -0.0115556131        0.1420020125        0.0131083987        0.1331797973       -0.0203218214        0.1377505477        0.6512299957        0.4098016990
      213.0000000000    4    4    4        1.1748780532        0.2979154278        0.9047092215        0.2241885405       -0.0065998405        0.1234897519        0.8595112277        0.2382785744        1.1421923221        0.3296894051       -0.0243991940        0.1482520671        0.0090377318        0.1495311355       -0.0222503273        0.1462941482        0.6665895437        0.4112003229
      214.0000000000    4    4    4        1.1728335641        0.2928106424        0.9044121935        0.2216071446        0.0018157601        0.1294065733        0.8589739157        0.2388367183        1.1371590054        0.3236803800       -0.0209681968        0.1506211140        0.0067008941        0.1347160614       -0.0227891311        0.1486831957        0.6387678446        0.3876965966
      215.0000000000    4    4    4        1.1812048851        0.3039050785        0.9037328854        0.2255224724        0.0028893870        0.1279269935        0.8550125001        0.2383025409        1.1527440061        0.3288816844       -0.0302718328        0.1543530514        0.0162977281        0.1432897611       -0.0373957835        0.1607838190        0.6764634735        0.4270835010
      216.0000000000    4    4    4        1.1717205861        0.2934225183        0.9034415047        0.2257785304        0.0004488926        0.1232930006        0.8615558915        0.2388632927        1.1585030938        0.3320221914       -0.0354086241        0.1523595200        0.0155857297        0.1359513204       -0.0398537978        0.1544443860        0.7022931151        0.4195330451
      217.0000000000    4    4    4        1.1689720522        0.2914786876        0.9023267756        0.2276941632        0.0026558016        0.1192637358        0.8627016626        0.2386699697        1.1465368602        0.3280751670       -0.0228072300        0.1409421446        0.0121494823        0.1336874921       -0.0298719729        0.1401236386        0.6261762822        0.4135098665
      218.0000000000    4    4    4        1.1831495112        0.2992015737        0.9005034803        0.2239162200        0.0036407858        0.1277871079        0.8612121685        0.2363609817        1.1628086351        0.3357901705       -0.0260340743        0.1481859969        0.0065940881        0.1315799250       -0.0287131993        0.1540976568        0.6706821506        0.4000151866
      219.0000000000    4    4    4        1.1814092517        0.2965347955        0.9040008037        0.2241469820       -0.0018491739        0.1260172119        0.8602869801        0.2390818060        1.1638820351        0.3431096694       -0.0257913316        0.1527706491        0.0107111369        0.1421128438       -0.0280212002        0.1573504511        0.6643724054        0.3934182620
      220.0000000000    4    4    4        1.1798659408        0.2963071954        0.9040837712        0.2239014424       -0.0065245731        0.1281048811        0.8617052068        0.2388787729        1.1524324034        0.3414794846       -0.0335575536        0.1475699282        0.0072349520        0.1412107821       -0.0310213662        0.1505498230        0.6818108656        0.4090336764
      221.0000000000    4    4    4        1.1844672293        0.3006499853        0.9015113549        0.2222685697       -0.0034449959        0.1321473751        0.8612849047        0.2384688635        1.1518496533        0.3340780782       -0.0399390823        0.1448257495        0.0079526263        0.1471614556       -0.0325045305        0.1541457635        0.7143071168        0.4316609420
      222.0000000000    4    4    4        1.1811024803        0.3126688197        0.9012575841        0.2267036330       -0.0083503882        0.1272285024        0.8589077121        0.2386598297        1.1779440344        0.3372168323       -0.0562731016        0.1580424442        0.0031823622        0.1396121955       -0.0504250511        0.1678741731        0.6971995187        0.4144142384
      223.0000000000    4    4    4        1.1786311355        0.3043912785        0.8989963447        0.2266153543       -0.0142358371        0.1275441702        0.8556240116        0.2386201054        1.1843986697        0.3444315927       -0.0425730154        0.1655721068        0.0027806477        0.1414136155       -0.0447675259        0.1686132763        0.6808918910        0.3991038366
      224.0000000000    4    4    4        1.1886915303        0.3123454410        0.8962714054        0.2233449338       -0.0053994716        0.1252856673        0.8517823166        0.2376798861        1.1779963248        0.3439396703       -0.0362020388        0.1571359934        0.0009970341        0.1451675247       -0.0410950865        0.1695025721        0.7276454375        0.4333170513
      225.0000000000    4    4    4        1.1809169590        0.3206550725        0.8981696494        0.2274127083        0.0047326169        0.1168823327        0.8561076541        0.2379558336        1.1695727822        0.3301597875       -0.0225287478        0.1404291949        0.0029524775        0.1260999047       -0.0374414101        0.1446360507        0.6251540138        0.4215806596
      226.0000000000    4    4    4        1.1793125655        0.3024088122        0.8987257289        0.2255280910        0.0007698670        0.1191404262        0.8550484808        0.2334432590        1.1755021209        0.3404109460       -0.0272799165        0.1556057033        0.0100211722        0.1290682875       -0.0373410207        0.1579530275        0.6930423286        0.4269611595
      227.0000000000    4    4    4        1.1810935322        0.3120658217        0.9001294784        0.2247386291       -0.0061556134        0.1197241940        0.8539317082        0.2388742912        1.1729697010        0.3441948276       -0.0294690987        0.1467664007        0.0088598570        0.1414745450       -0.0384532581        0.1544672170        0.6667100770        0.4027066277
      228.0000000000    4    4    4        1.1749934477        0.3062672867        0.9031565450        0.2212413843        0.0004402137        0.1218969778        0.8570113136        0.2361371386        1.1449483105        0.3341492715       -0.0112295416        0.1374007085        0.0106108509        0.1361316619       -0.0191597452        0.1466487013        0.6889649894        0.4342801040
      229.0000000000    4    4    4        1.1821792518        0.3127441662        0.9032992510        0.2237599503        0.0036415389        0.1159728879        0.8560251489        0.2381503435        1.1559703508        0.3393037210       -0.0225753251        0.1433990860        0.0113507573        0.1295887241       -0.0311673143        0.1544383381        0.7145406713        0.4400213398
      230.0000000000    4    4    4        1.1772608985        0.3181404904        0.9038686852        0.2270005845       -0.0091594703        0.1153863107        0.8543624686        0.2400734945        1.1505442109        0.3309616381       -0.0225429260        0.1348409020        0.0136194164        0.1399318986       -0.0275924550        0.1412035999        0.6736496268        0.4301436168
      231.0000000000    4    4    4        1.1732176248        0.3177878202        0.9023090842        0.2270572563       -0.0069584494        0.1060668611        0.8597830907        0.2444525911        1.1423730624        0.3478665147       -0.0204420674        0.1334601252        0.0065192300        0.1223970973       -0.0233260830        0.1406592382        0.6156527028        0.4254166714
      232.0000000000    4    4    4        1.1616638436        0.3102338659        0.9034271663        0.2231362191       -0.0025116442        0.1077593137        0.8602646910        0.2379266500        1.1440602101        0.3260278561       -0.0240622206        0.1361282471        0.0143666236        0.1299984723       -0.0292426495        0.1427094696        0.6952596629        0.4438739852
      233.0000000000    4    4    4        1.1813178416        0.3180081685        0.8988395802        0.2247661590        0.0021303150        0.1170708467        0.8578395976        0.2391039092        1.1724635991        0.3453797633       -0.0052412846        0.1402681503        0.0040545156        0.1279844650       -0.0262016654        0.1380710666        0.7318370277        0.4406022342
      234.0000000000    4    4    4        1.1735993537        0.3100806565        0.8993017723        0.2266169786       -0.0005784720        0.1119363974        0.8555365040        0.2419546294        1.1668016417        0.3400601648       -0.0005175534        0.1368655590        0.0025986657        0.1224696664       -0.0259074977        0.1309872745        0.7167878794        0.4441537879
      235.0000000000    4    4    4        1.1701199493        0.3040836453        0.9008126538        0.2285877169       -0.0158413896        0.1098952861        0.8569662269        0.2424348190        1.1724376944        0.3381430787       -0.0263864225        0.1464839664        0.0004786497        0.1314628273       -0.0345473722        0.1528459617        0.7517599572        0.4554709675
      236.0000000000    4    4    4        1.1708069044        0.2909624606        0.8997324561        0.2220511330       -0.0091441967        0.1115202150        0.8557162031        0.2414432297        1.1602135812        0.3349473635       -0.0202380366        0.1365625818        0.0035241943        0.1387500729       -0.0312058615        0.1419682451        0.7534617360        0.4536603516
      237.0000000000    4    4    4        1.1761599021        0.3049050751        0.8993218699        0.2233363227       -0.0035337900        0.1087662824        0.8539398316        0.2403184998        1.1680518194        0.3454071641       -0.0203388077        0.1409752672        0.0036915305        0.1311297042       -0.0342944185        0.1469096940        0.7697012131        0.4965660448
      238.0000000000    4    4    4        1.1779242964        0.2983794024        0.8987610706        0.2262815653        0.0044781703        0.1104516154        0.8527347320        0.2379256141        1.1809201314        0.3392695679       -0.0156692026        0.1515235268        0.0062674470        0.1324573361       -0.0393343459        0.1514551328        0.7492304641        0.4488631957
      239.0000000000    4    4    4        1.1832437079        0.3029798757        0.9009319782        0.2245066264       -0.0101156594        0.1083804540        0.8554457069        0.2396262285        1.1704875633        0.3378084260       -0.0241239050        0.1470657663        0.0020138785        0.1360393927       -0.0338971308        0.1531410019        0.7445085525        0.4348012992
      240.0000000000    4    4    4        1.1765165241        0.3063515363        0.9019476169        0.2294879694       -0.0106419818        0.1037495744        0.8538377524        0.2394525185        1.1577909412        0.3413443969       -0.0239804707        0.1398069719        0.0062340995        0.1373518380       -0.0272890295        0.1458876884        0.7394190790        0.4464218748
      241.0000000000    4    4    4        1.1765914355        0.3077588790        0.9033025430        0.2289388674        0.0014032218        0.1013114071        0.8553148463        0.2395548562        1.1602156105        0.3451998669       -0.0206098852        0.1285669512        0.0069479097        0.1253279263       -0.0326657973        0.1422319014        0.7075815929        0.4708846358
      242.0000000000    4    4    4        1.1815186621        0.3069419575        0.9020590895        0.2294802697        0.0183642662        0.1130692881        0.8557916144        0.2408377031        1.1564740860        0.3400972388        0.0010827985        0.1274614782        0.0112152956        0.1212420524       -0.0247137293        0.1256316442        0.6375679279        0.4382579528
      243.0000000000    4    4    4        1.1704205785        0.3057473412        0.9012226887        0.2295953692       -0.0047990996        0.1064422383        0.8588570607        0.2424429207        1.1658194011        0.3428024058       -0.0169941809        0.1373523145        0.0144226761        0.1325161815       -0.0294538753        0.1468445207        0.6855025354        0.4367230819
      244.0000000000    4    4    4        1.1883753053        0.3143620120        0.9032294197        0.2276245362        0.0019098688        0.1199681630        0.8562942284        0.2391954673        1.1683118314        0.3419809427       -0.0205577846        0.1482040058        0.0096836147        0.1337275946       -0.0329348311        0.1564796949        0.7743627480        0.4560188262
      245.0000000000    4    4    4        1.1747012204        0.3033848054        0.8996019993        0.2230176326       -0.0089724088        0.1105534583        0.8555528627        0.2428543352        1.1478465936        0.3378440855       -0.0161278840        0.1193380263        0.0079161480        0.1319251194       -0.0225063647        0.1336478904        0.6999888236        0.4621992528
      246.0000000000    4    4    4        1.1720401074        0.2991880139        0.9000159065        0.2260787210       -0.0013329465        0.1114129735        0.8581633000        0.2423133555        1.1690903946        0.3438722710       -0.0157665261        0.1404967784        0.0074008321        0.1359129177       -0.0375910098        0.1389834238        0.7024687088        0.4526585896
      247.0000000000    4    4    4        1.1705204674        0.3074427370        0.9027022720        0.2272304970        0.0107927710        0.0899264758        0.8482625072        0.2421646124        1.1475826352        0.3404876325        0.0002131686        0.1310786820        0.0070007750        0.0994927031       -0.0315794264        0.1234986300        0.6129893181        0.4523329168
      248.0000000000    4    4    4        1.1747381002        0.3013478959        0.9017245746        0.2284470812        0.0014301207        0.0977273994        0.8464322731        0.2396824146        1.1434504329        0.3367671006        0.0040180851        0.1246140880        0.0071467365        0.1199645718       -0.0186992511        0.1195266784        0.6587864952        0.4618800109
      249.0000000000    4    4    4        1.1833876399        0.3137987998        0.8987474944        0.2276119676        0.0159306680        0.1084663671        0.8506729659        0.2376582166        1.1510360279        0.3422645099        0.0091321441        0.1262185398       -0.0012160034        0.1105927321       -0.0194608656        0.1195861547        0.6032124555        0.4676045149
      250.0000000000    4    4    4        1.1725156850        0.3163368823        0.8983398420        0.2266837885        0.0126665574        0.1006214006        0.8494210021        0.2408886414        1.1433067929        0.3463642215        0.0102622115        0.1150358300        0.0038954060        0.1035979746       -0.0202930304        0.1058933305        0.5091173472        0.4183907765
